Center_ID,Location_X,Location_Y,Capacity
C1,69.26167299669933,95.4733196279098,17
C2,91.96257642434846,45.56032382247884,17
C3,23.10752179128739,68.64400790000764,18
C4,65.46444698230624,66.47546801888127,14
C5,22.34358338975847,89.34014969067225,16
