N,Greedy Time,Local Search Time,Improvement (%)
50,53378.50003562937,42052.356518845954,21.22
100,66969.23458363173,59855.60418357296,10.62
500,48748.4756904519,32399.366700142986,33.54
