ID_Centro,Ubicacion_X,Ubicacion_Y,Capacidad
C1,22.728163,75.884212,12
C2,19.003517,72.82765,12
C3,12.975996,80.221898,10
C4,13.091809,80.219104,15
C5,13.044694,80.26147,12
