N,Tiempo_Greedy,Tiempo_Búsqueda_Local,Mejora (%)
50,19260.537060891493,14826.23574855265,23.02
100,60932.165957506724,49473.27250050001,18.81
500,51019.36070172377,46183.04481588052,9.48
